RPM,MAP,FGP,MAF
946,87,23580,11.42
947,87,23730,11.52
950.75,87,25820,11.87
945.5,87,24510,11.26
951.25,87,25050,11.38
950,87,26700,11.9
949.5,87,25870,10.98
949,87,26180,11.44
951,87,26810,11.05
949.25,87,25930,11.41
947.25,87,26050,11.48
950.25,87,26510,11.23
947.5,87,25000,11.77
950.25,87,23490,11.6
946.75,87,24140,11.46
947.5,87,25680,11.56
949,87,26640,11.53
949.5,87,26510,11.81
949,87,26170,11
949.5,87,24760,11.71
949.25,87,24020,11.6
942.5,87,23730,11.54
951.25,87,24730,11.68
949.75,87,26210,11.59
948,87,25970,11.57
947.25,87,26510,11.66
946.5,87,25700,11.43
942.75,87,26030,11.37
950,87,24540,11.7
950.25,87,25020,11.63
949.75,87,24190,11.25
950.5,87,23460,11.35
948,87,23630,11.63
946.25,87,23690,11.59
951.25,87,23550,11.51
950.75,87,24560,11.39
950.75,87,26000,11.52
949.5,87,26600,11.76
949.75,87,26760,11.64
942.25,87,26480,11.57
950.75,87,24740,11.67
950,87,24560,11.47
1137.75,87,36650,14.85
1429.25,91,35980,19.22
1430.25,95,38320,19.61
1497.75,97,38940,20.62
1569,99,40890,21.63
1640.75,102,41920,23.08
1689.75,104,42210,24.1
1729.5,106,42840,24.63
1758.5,107,43550,24.34
1781.25,108,45010,25.25
1800.5,109,45530,26.06
1825.25,110,45530,26.97
1853.75,111,47330,27.02
1875.5,112,47660,27.6
1886.25,113,48240,28.76
1893,114,48400,28.82
1900.25,115,49070,28.47
1918.75,116,49280,28.64
1942.5,117,50360,29.49
1952.25,118,50440,30.93
1958.25,118,51170,30.42
1980.25,119,50930,31.17
1987.5,120,51360,31.49
2002.25,120,51720,31.72
2041.75,121,55450,32.27
2113.5,123,56450,34.38
2113.5,125,52460,34.13
2039.5,124,51210,32.26
2012.5,122,51810,31.72
2022.75,122,53440,31.53
2084.75,123,57070,34.26
2180.75,126,58980,36.53
2188,128,55170,36.3
2111.5,127,52910,33.93
2045,125,51930,32.85
2027.5,124,51780,32.18
2022.75,123,51370,31.95
2013.5,122,51140,32.07
2004.25,121,50730,31.81
1994,121,50260,31.6
1976.5,120,50050,30.54
1967.75,120,50080,30.78
1962.75,119,49410,30.2
1958.25,119,49260,30.02
1954.5,119,49340,31.01
1949,118,48860,29.8
1943.5,118,48830,29.72
1940.75,118,48940,29.97
1940.75,118,48490,29.39
1933.75,117,47970,28.48
1931,117,47720,29.1
1933.25,116,47150,28.95
1916.75,116,46640,28.56
1903.75,114,45950,28.15
1887.75,113,45070,27.6
1870.75,112,45090,27.46
1857.5,111,43550,27.05
1817.75,110,41470,25.64
1777.75,107,41060,24.37
1738,106,40130,24.67
1698,105,39700,23.35
1669,104,39510,23.21
1639.25,103,38300,22.77
1587,102,37040,21.41
1514,100,36200,20.68
1445.75,99,35980,19.91
1430,98,36040,19.85
1431,98,36180,19.43
1423.75,98,35030,19.42
1381.5,97,34660,18.54
1362.75,97,33860,18.57
1330,96,34190,17.97
1296.75,95,33260,17.29
1206.25,95,29930,15.94
1128,93,29690,14.51
1129.25,91,29660,14.75
1111.25,91,28530,13.81
1020.25,90,28070,12.69
898,89,26240,11.29
933.25,88,23990,11.24
931.75,87,25970,11.3
932.5,87,25240,11.15
934.25,87,23550,11.58
935,87,25420,11.33
933.5,87,26810,11.1
939.5,87,24480,11.32
940.5,87,23800,11.3
942.5,87,23610,10.9
939.5,87,24290,11.27
941.75,87,24930,11.45
943.25,87,25820,11.25
1379.75,89,38080,18.57
1512,94,38090,20.32
1554.25,99,39620,21.28
1635.25,102,42180,22.52
1688.75,104,42630,24.28
1714.5,107,43210,24.14
1748,107,44100,24.58
1799.25,106,45160,24.62
1839,107,45190,25.04
1861.25,107,45610,26.57
1915.5,107,46360,26.44
1950.25,107,46230,27.76
1985.5,107,47020,28.55
1999.75,107,47360,27.73
2015.5,106,46960,27.92
2021.25,106,48080,27.91
2028.75,106,48020,27.77
2036.25,106,49060,27.78
2045,107,49030,27.86
2052,107,49430,28.04
2068.5,108,50930,29.32
2085,108,51600,29.84
2115.75,109,52830,30.07
2159.75,110,55020,29.76
2217.25,110,55150,31.82
2240.5,109,55410,31.6
2261.25,109,55730,31.85
2286.75,109,56090,32.27
2303,109,56430,32.03
2322.5,109,56730,32.57
2330.25,109,56620,32.45
2342.75,109,57140,32.94
2373.5,110,59580,33.77
2425,111,61060,34.67
2491,111,61880,35
2550.5,112,61190,36.05
2559,110,61470,35.89
2559,109,61330,35.56
2557.5,109,61310,35.6
2557.5,110,61270,35.67
2558.75,110,61330,34.99
2557.75,110,61730,36.12
2557.5,110,61350,35.75
2557.75,110,61380,35.78
2541.25,109,59110,36
2490.25,108,58200,33.85
2455.75,107,57670,34.01
2421.5,108,57030,33.77
2395.25,108,56760,33.16
2372.5,108,56350,33.25
2354.5,108,56020,32.87
2347.25,108,55590,31.75
2338.5,107,55360,32.3
2326.25,107,54740,32.39
2310.5,107,54380,31.9
2290.25,106,53410,30.85
2258.75,106,52460,30.97
2222.5,106,51670,30.29
2203,106,51350,30.35
2179.75,106,50260,29.67
2164.25,105,49830,29.06
2120.5,108,48000,29.9
2025.75,112,46580,29.72
1996.5,112,46290,28.93
1975.25,113,45800,27.87
1962.25,113,46040,27.83
1955.25,113,46210,28.31
1951,113,45920,27.59
1945.5,113,46100,28.44
1933.75,112,45770,28.3
1929.25,112,45560,27.43
1918.25,112,45360,27.24
1910.25,112,45350,26.77
1901,112,45090,27.4
1897,111,44850,27.4
1883.5,111,43820,27.48
1871.25,111,43700,26.42
1854,110,42670,26.16
1838.75,109,42500,25.77
1832.5,108,42190,25.14
1814,108,40860,25.42
1774.75,107,40210,24.65
1741.75,106,39790,23.6
1718.5,105,39700,23.35
1699.25,104,39470,23.18
1680.75,104,39150,22.59
1663.5,104,39130,22.24
1651.75,103,38960,22.04
1638.25,103,39090,22.25
1613.25,103,37570,21.88
1574,102,36540,21.13
1525.25,101,36520,20.65
1483,100,35910,20.27
1456.75,99,36200,19.8
1452.75,99,36320,19.83
1449.25,99,36320,19.7
1443.75,99,36320,19.29
1443,99,35710,19.69
1427,98,35000,19.06
1387.5,98,34330,18.75
1354,97,34450,17.93
1338.5,96,34210,17.83
1332,96,34200,17.67
1319.75,96,33440,17.47
1300.25,95,33390,17.36
1286,95,33370,17.05
1275,95,32980,16.55
1227,94,31400,15.81
1180.25,93,30910,15.28
1169.5,93,30660,15.09
1123.5,92,29610,13.97
1101.25,91,28750,14.03
975.75,91,26070,11.47
906.75,89,25150,10.75
909.5,88,26270,10.61
913.75,88,25680,10.66
916.25,87,24040,10.85
912.5,87,24290,10.82
921.25,87,26460,10.91
917.75,87,24040,10.8
921.75,87,25580,10.83
922.75,87,30100,10.93
1232.25,87,35960,15.41
1313.25,91,35250,17.14
1367.25,93,36890,18.1
1464.5,96,37810,19.97
1532.5,98,39330,21.01
1577.25,100,39600,21.46
1610.75,102,40340,22.2
1639.75,103,40250,22.08
1661.5,104,40090,22.86
1686.25,105,41850,23.4
1716,106,41410,24.15
1748,107,42820,24.62
1770.5,108,42550,24.53
1783.5,109,43260,24.99
1794.5,109,44120,25.34
1794,110,42870,25.25
1784.5,109,42160,25.15
1783,109,42380,25.15
1792.75,109,43280,25.25
1803.5,109,44260,25.1
1837.75,110,45720,26.36
1866,112,46230,27.22
1891.25,114,47580,28.52
1902.75,115,47750,27.87
1913.25,116,47450,28.09
1922.75,116,48090,28.65
1923.75,117,48370,28.78
1925.25,117,47480,29.14
1928,117,48150,28.62
1947,118,48820,28.9
1953.25,118,49950,29.7
1965.75,119,49950,30.05
1979.5,120,49680,29.84
1992,121,50990,31.11
2004.25,121,51170,30.86
2008.25,122,51420,30.44
2009.5,122,51420,31.42
2018.75,122,51210,31.27
2023,123,51420,31.95
2024.75,123,51540,31.32
2036.5,123,54590,31.94
2096,124,55270,32.52
2125,126,55620,34.47
2143.75,127,55510,34.8
2156.25,128,56510,34.32
2175.75,129,57030,34.75
2181.25,130,56850,35.98
2190.25,130,58330,36.07
2208.5,131,58560,35.98
2232.75,132,60450,36.21
2283.5,134,61830,38.24
2310.25,136,62000,38.97
2323.75,137,62090,38.95
2409,130,66330,36.34
2561.5,116,61250,35.87
2562,115,60780,37.12
2563.75,114,60270,36.98
2566.25,113,60020,36.6
2566.5,112,59780,36
2568.5,111,59760,34.87
2568.75,110,59810,36.02
2569,109,59740,34.29
2571,109,59690,34.88
2569.5,108,59620,34.88
2571,108,59310,35.17
2572.25,108,59250,34.61
2571.5,107,59440,34.33
2568.75,107,58540,33.43
2549.5,107,57490,32.84
2528,106,57130,33.95
2511.25,106,56670,33.87
2488,107,56300,32.85
2468.25,107,56000,33.67
2456,107,55610,33.34
2441,107,55470,32.43
2418.5,107,54870,32.93
2402.5,106,54280,32.67
2386.25,106,54170,31.95
2371,106,53610,31.13
2356.75,106,53310,31.77
2341.75,106,52950,31.12
2327.75,106,52220,30.13
2209.5,113,49190,32.26
2116,116,48180,31.3
2083,116,47670,30.57
2051.5,117,47410,30.22
2030.75,117,47140,30.35
2025.75,116,49380,29.65
2034.25,118,50830,31.03
2050.25,120,54590,31.01
2133,123,57060,33.28
2196.75,127,58740,35.21
2230.5,129,58940,35.39
2242.5,131,59050,35.95
2240.75,132,54350,36.24
2147.25,130,51970,33.87
2085.75,128,52240,33.63
2105.25,127,57810,32.95
2203.5,129,60490,35.74
2187.25,130,52090,35.36
2106,128,50870,33.74
2063.75,126,49920,31.75
2046,123,49710,30.64
2033.75,122,48680,31.16
2015,121,48240,30.3
2016,120,47970,30.43
2014,119,47630,29.78
2010.25,119,47600,29.99
2009.75,118,47370,30.52
2007.25,118,46990,29.03
2004.75,117,46620,28.38
1992.75,117,46040,29.41
1992,116,45730,28.95
1982.5,116,45090,29.22
1971.25,115,44850,28.57
1967.5,114,44780,28.03
1964.5,114,44700,27.76
1960.75,114,44460,28.21
1949.25,113,42470,27.54
1918.75,112,42400,26.61
1904.25,111,42300,26.17
1884.75,110,40940,25.67
1842,109,39950,25.17
1812.25,107,39790,24.35
1780.25,107,39360,23.68
1749,106,38810,24.07
1728.75,105,38760,23.07
1712.5,105,38750,23.25
1701,105,38620,23
1676,104,37400,22.57
1628.75,103,36350,22.04
1555.25,102,35490,20.54
1494,100,35080,19.78
1449,99,35100,19.01
1439.75,99,35350,19.42
1437,99,34540,19.1
1409,98,33980,18.67
1363,98,34120,18.34
1351.75,97,33860,17.82
1310,96,32660,16.92
1264.75,96,31670,16.06
1210.75,94,30360,15.46
1172.75,93,30910,14.82
1170.25,93,31120,14.6
1149.5,92,28810,14.12
1047.5,91,25230,12.63
1053,91,27400,12.69
866.25,90,23530,10.11
893.25,88,23830,10.17
890.75,88,24680,10.32
900.25,87,24940,10.06
901.5,87,24720,10.16
900,87,24740,10.55
901,87,24820,10.45
904.25,87,24140,10.44
1160,88,32030,14.16
1235.5,90,29730,15.55
952.75,91,24160,11.23
1049.5,90,26460,12.8
911.5,90,25790,10.36
996.25,89,24770,11.77
1052,89,26240,12.65
1065.25,89,26850,12.95
1100.25,90,30360,13.55
1171.25,90,29590,14.45
1164.25,91,31910,14.51
1169,91,29140,14.68
1167,92,30120,14.58
1197.25,92,30180,15.22
1211.25,92,33130,15.67
1321.75,93,34110,17.35
1356,95,33810,17.75
1369.25,96,34860,18.16
1374.75,97,34030,18.31
1379.25,97,33760,18.41
1385.75,97,34940,18.55
1399.25,98,35670,18.8
1431.75,98,36580,19
1448.25,99,36960,19.55
1466.5,99,35820,19.86
1475.75,100,36180,19.79
1484,100,35710,20.28
1500.25,100,35760,19.7
1505.75,101,35730,20.07
1494.25,100,35690,20.22
1505.75,101,35920,20.08
1497.5,101,35620,20.03
1494.5,100,35490,19.84
1504.25,101,35850,20.32
1500.25,101,35790,20.12
1515.5,101,37260,20.18
1533.5,101,37740,20.71
1574.5,102,37990,21.18
1617.5,103,38790,22.05
1643.25,104,39450,22.35
1662.75,104,38720,22.34
1679.25,105,39330,22.72
1687.5,105,39300,22.78
1689.5,105,40110,23
1730,106,40940,22.8
1765.25,107,41800,24.3
1786.75,108,41500,24.38
1799.5,109,42140,24.59
1818.75,109,42990,25.39
1835.5,110,42050,25.3
1840.75,110,42570,25.64
1851.5,111,42650,25.57
1862,111,42820,26.21
1869.5,111,43160,26.02
1877.75,112,43730,25.8
1886.25,112,43280,25.93
1892.5,112,43670,27.42
1897.5,112,44060,26.91
1902,112,44260,26.9
1908.5,113,44580,26.72
1918.25,113,44960,26.97
1934.25,113,44710,27.61
1941,114,44600,27.22
1946.75,114,45140,28.56
1946.75,115,45480,28.16
1951.75,115,45430,28.38
1958,115,45200,28.36
1966.5,115,45800,29.27
1976.25,116,45890,29.02
1983,116,46290,28.62
1983.25,116,45740,28.87
1980.5,116,46750,29.25
1991.25,116,46660,28.31
1998.25,117,46680,29.23
1999.5,117,47240,29.86
2001.5,117,47900,28.9
2006.5,118,48510,29.34
2002.5,118,48460,29.74
2007.5,119,48190,30.18
2011.5,119,48580,30.15
2015.5,120,48750,30.4
2016.25,120,48760,29.54
2020,120,49230,30.53
2018.25,121,49850,30.72
2022.75,121,49520,30.28
2022.5,122,50140,31.06
2023.5,122,51120,31.36
2037,123,51390,31.49
2077.5,124,54590,31.68
2135.25,126,54750,33.45
2160,127,55170,34
2168.5,128,55820,34.37
2191,129,56950,35.19
2212.75,130,58070,34.7
2230,132,59170,35.99
2220.25,132,61030,35.45
2266.25,133,61670,36.28
2279.75,135,62490,37.98
2308.5,136,64140,38.43
2331.75,137,64540,39.2
2323,138,62110,38.25
2387.25,135,66800,34.45
2573,116,60610,35.92
2567.75,114,59960,35.2
2561,113,58440,35.7
2545.75,111,57180,34.82
2531.75,110,56140,33.57
2519.5,108,56090,33.06
2512.25,107,55690,32.8
2431.5,113,52390,34.56
2279.5,120,51560,33.85
2215.5,121,51640,33.1
2171.5,123,51900,32.98
2147.5,125,53050,33
2148,126,57740,33.24
2293,129,65520,35.08
2470,118,58290,34.46
2552.5,116,59660,35.72
2570.5,114,59640,36.32
2570.75,112,59050,34.99
2574,111,58690,34.2
2576.5,110,58100,34.92
2575.5,109,58640,34.55
2577.25,108,58470,33.1
2579.75,107,57680,33.64
2579.5,107,57910,33.77
2580.25,107,57640,33.41
2580.5,106,57640,34.18
2582,107,57680,33.76
2579,107,58290,34.1
2574.75,108,58530,34.03
2575.75,109,58400,34.45
2577.75,108,56830,34.17
2501.25,113,52270,35.65
2351,118,54020,34.31
2285.25,122,57980,34.82
2451.5,125,61760,36.94
2577.25,117,57420,36.33
2511,115,53920,36.54
2340.5,123,50930,36.3
2241,122,49520,32.02
2161.25,121,48310,32.49
2122,120,47770,31.28
2097.5,119,47340,31.17
2082.5,119,47180,30.72
2075.75,119,46970,30.27
2069.75,118,46500,29.41
2055.5,118,45840,29.99
2041,117,45080,29.91
2026,116,44410,28.29
2003,115,42850,28.22
1982.75,113,42630,27.18
1977,112,42570,27.23
1969,112,42110,27.46
1958,112,41920,27.52
1954.5,111,41860,26.41
1938,111,40730,26.03
1913.75,110,40430,25.77
1895.25,109,40250,25.5
1860.75,108,39220,25.12
1836,107,39180,24.65
1814.75,107,38780,25.02
1796,106,38570,23.94
1767.75,106,36000,23.59
1682.25,104,34880,22.01
1575.25,102,34330,20.48
1487.5,101,33840,19.59
1424.75,99,34050,18.76
1402.5,99,34080,18.66
1416.5,98,39700,18.85
1632.5,102,41200,21.77
1739.25,106,41430,23.69
1783,108,39400,23.34
1754.5,107,37300,22.95
1688.5,105,36230,22.76
1626.25,103,35760,21.15
1571.25,102,35570,20.89
1526.75,101,35060,20.21
1488,101,35000,19.39
1465,100,35190,19.21
1460,100,35270,19.23
1459.5,100,35330,19.2
1459.5,100,35460,19.47
1460.75,100,35210,19.1
1452.25,99,35360,19.23
1454.5,99,35340,19.01
1456,99,35280,19.39
1460,99,35330,19.23
1461.5,99,35180,19.34
1462.25,100,31910,19.36
1343.5,98,31920,16.95
1273.25,97,31740,16.1
1246.75,96,31640,15.7
1226.25,95,30940,15.35
1205.25,94,30660,15.07
1174,93,29900,14.73
1145.5,93,30150,14.12
1149,92,30210,14.35
1151.75,92,30230,14.01
1151.5,92,30020,14.11
1150.75,92,30150,14.14
1148.75,92,30120,14.4
1147.5,92,30000,14.2
1148.5,92,30000,14.28
1150.5,92,30020,14.21
1150.75,92,30050,14.13
1150.75,92,30240,14.22
1150.25,92,30150,13.7
1149.5,92,30270,14.16
1147.75,92,30210,14.18
1147.5,92,28800,14.25
1115.25,92,29020,13.62
1116.5,91,29020,13.73
1115,91,28970,13.46
1116,91,29200,13.43
1117.25,91,28990,13.32
1115,91,29260,13.7
1113.25,91,29140,13.5
1115.75,91,29200,13.61
1113.5,91,29170,13.56
1115,91,29170,13.3
1114.75,91,29090,13.75
1116,91,29020,13.75
1113,91,29220,13.7
1111.25,91,29050,13.55
1100,91,25360,13.28
911.25,90,23680,10.5
909.75,89,24510,10.35
854.75,88,26780,9.75
870,88,24880,9.86
867.75,87,23850,9.63
870.5,87,26480,10
876.25,87,23800,9.76
875.25,87,26090,9.81
876.25,87,24140,10.19
875.75,87,25340,10.01
878.5,87,24400,10.03
875.75,87,24140,9.83
876.75,87,25600,9.82
881.25,87,23650,9.83
880.75,87,25560,9.96
878.75,87,25850,9.96
881,87,23970,9.96
879.75,87,26190,9.94
878.75,87,24460,9.97
873,87,25340,10.05
881.75,87,26210,10.16
881.5,87,23770,10.02
878.75,87,25850,9.95
1241.25,87,40310,15
1571.25,93,38520,20.58
1652.25,99,40720,21.86
1710.75,103,40930,23.4
1757.75,107,41310,24.32
1818,108,42290,24.46
1894,107,44180,25.49
1954.75,107,43900,25.85
1974.75,109,44460,26.69
1970,111,44250,27.41
1968.25,112,44360,27.34
1968.5,112,43870,26.98
1970.25,113,43910,27.47
1979.75,113,45960,27.05
1994.5,114,45950,28.97
2002.75,115,45970,28.93
2003.75,115,45930,28.65
2001.5,116,46600,28.23
2013,116,47970,28.38
2030.25,117,48210,29.09
2034.5,118,49770,29.51
2040,120,49950,30.37
2038.75,121,49270,30.15
2037.75,121,50710,30.46
2044.5,122,50300,30.52
2101.25,124,55400,33.04
2177.5,127,57170,33.22
2226.5,129,57610,34.78
2246.25,131,57810,34.68
2258.5,133,59620,37.01
2295,134,60710,36.56
2334.75,136,62670,38.1
2447.25,127,65990,34.92
2573,116,63380,37.04
2470.5,129,55590,38.91
2294.25,132,55020,35.92
2228,132,58320,35.21
2285,133,61520,36.85
2359.5,136,64000,39.04
2553.25,124,56360,35.34
2579.25,111,58200,34.69
2574,111,57710,35.52
2563,110,57280,33.97
2510,113,53490,34.99
2335.5,122,52050,34.85
2268,123,52390,33.8
2209,124,52970,32.95
2178.75,126,53270,33.35
2172.5,127,56460,33.6
2443.75,127,42580,36.24
2531.25,123,63710,38.05
2571,118,59300,34.9
2575.5,112,58540,33.57
2576,110,58400,34.5
2578.75,109,57710,33.45
2576,108,54960,33.16
2421.25,119,52240,35.32
2346,121,53920,34.93
2269.5,124,50630,34.3
2181.25,125,49100,33.27
2155.75,122,49100,31.82
2143,121,48900,31.67
2127.25,121,48100,30.93
2114.75,120,47370,30.94
2107.5,120,47360,29.91
2106,119,46840,30.5
2096.75,118,46210,30.24
2085.5,117,44910,30.05
1972.5,114,42230,26.41
1990,112,41040,27.23
1967.5,113,46240,26.57
2034.75,114,49960,29.04
2078.75,118,52030,30.01
2124,122,56360,32.4
2200.75,126,51390,33.4
2119.75,127,48860,32.71
2110.5,123,48710,30.98
2105,121,47880,31.17
2098,121,47750,30.55
2088,120,46350,30.22
2077.25,118,45600,29.95
2045.25,117,43270,28.98
2017.5,115,42380,28.51
1982.25,113,40920,26.56
1949,111,40590,26.55
1917.5,110,39180,25.73
1875.5,108,38060,24.92
1824.5,107,36900,23.98
1760.5,105,36180,22.95
1701.75,104,35820,22.15
1646.5,103,35690,21.3
1596.75,102,35160,21.1
1560,102,35250,20.24
1532,101,35080,20.22
1509.25,100,34940,19.75
1490.5,100,34880,19.35
1462.75,100,34350,19.08
1427.75,99,33960,18.57
1403.5,99,33810,18.53
1398,98,33810,18.12
1393.25,98,33840,18
1394,98,33370,18.24
1364.25,98,31680,17.2
1310.25,97,31730,16.47
1274,96,31650,15.78
1241.75,96,30360,15.6
1182,94,29050,14.77
1121,93,28470,13.57
1102.25,92,28750,13.12
1102.5,92,28710,13.36
1055.25,91,24960,12.64
1023.75,91,24870,12.27
967.25,90,25780,11.02
874.5,89,23650,9.64
862.5,88,26000,9.87
864.75,88,24340,9.32
872.5,87,28410,9.92
1234.25,88,32630,14.91
1105.5,91,26580,13.05
861,90,24100,9.7
964.75,89,24410,11.37
1060.25,89,26640,12.23
1001.75,89,24040,11.75
987.25,89,24380,11.26
934.5,89,24240,10.66
955.5,89,23990,11
1078.25,89,29410,12.55
1081,89,27190,12.7
1082.75,90,27250,12.97
1111,90,28000,13.34
1173.75,91,29810,14.41
1196.75,92,30020,14.8
1201,93,30080,14.75
1217.75,93,32280,14.84
1238,93,32070,15.28
1290.75,94,32760,16.26
1315,95,32500,16.73
1333.75,96,33150,17.18
1349.5,97,33070,17.49
1369,97,33050,18.06
1378.25,98,35280,17.69
1407.25,98,35220,18.08
1421,99,34490,18.78
1425.25,99,34470,18.89
1422.25,99,35640,18.03
1449.25,99,35960,18.81
1478.25,100,35690,19.5
1482,100,35880,19.51
1481,100,34590,19.29
1499.25,101,35570,19.66
1526.25,101,37120,19.95
1584.5,102,38670,20.89
1631.75,103,38930,21.85
1664.5,104,38780,22.43
1688.25,105,38910,22.69
1717.75,106,38660,22.87
1730.25,107,39360,23.4
1744.5,107,40490,23.26
1778.5,108,40380,23.32
1813,109,41220,24.51
1848,110,41770,24.28
1873.25,111,42630,25.65
1895.5,111,42990,25.67
1914.5,112,43850,26.34
1927.5,113,43760,26.61
1941.5,113,44230,27.02
1953,114,44710,27.17
1964.25,114,44090,28.48
1972.25,114,45230,27.39
1981.25,115,45680,28.01
1983,115,45500,27.61
1990.75,115,46390,28.11
1995.75,116,42060,28.21
1971.25,114,45210,26.83
1986.25,114,44530,27.56
2005.5,115,46840,28.35
2014.75,116,47200,29.17
2027.75,117,49140,29.21
2042.25,118,49240,29.67
2069.25,120,49260,30.48
2062.5,121,49040,30.7
2103.75,123,50510,31.5
2125,123,58250,32.38
2137.75,124,50900,31.97
2194.75,122,53760,31.62
2349.25,115,53490,32.36
2379.25,112,53000,31.42
2322,113,46290,32.9
2198.75,115,50950,30.2
2174.75,117,52000,31.73
2174.25,121,54270,32.65
2231,128,65060,36.83
2477.75,118,52670,32.86
2404,120,51320,36.34
2264.5,122,49530,33.24
2198.5,120,50560,31.86
2180.5,121,53990,31.5
2222,125,63570,34.19
2507.75,121,60050,35.03
2577.75,116,56380,34.69
2439,121,52400,35.92
2321.25,124,53310,34.43
2272.5,124,53660,33.11
2234.25,126,54320,34.12
2214.25,128,57180,34.17
2250.5,131,59290,35.43
2289.5,133,61220,36.59
2333.25,136,62670,37.43
2367.25,138,63160,39.01
2381.25,139,63230,37.26
2386.5,141,63890,39.13
2559.75,125,55600,34.3
2534.5,121,57560,37.12
2395.5,128,55490,35.67
2296.25,130,53950,35.39
2238.75,130,57890,34.63
2289.5,133,63100,36.97
2546.25,122,57400,35.37
2576.5,113,58860,35.16
2576,111,58760,34.41
2566.25,110,57280,33.4
2563.5,108,56180,33.12
2414.5,120,55780,35.45
2353,125,55450,35.46
2286,129,56600,36.3
2284,132,59050,35.6
2310.75,135,61860,36.97
2349.25,137,62100,38.79
2430.75,130,66640,35.63
2571.25,118,63680,37.13
2528.5,132,65970,40.71
2579,124,58290,35.65
2581.25,112,58340,33.65
2572.5,112,59290,34.14
2578.5,111,57760,33.98
2584.5,108,59170,33.01
2442.5,120,53370,35.94
2335.5,123,52000,34.5
2251.5,124,50710,32.36
2187.25,123,49750,32.35
2155.25,122,49060,31.61
2131.5,122,47880,31.21
2113.75,121,47320,30.36
2116,119,47420,30.36
2090.25,118,40650,29.14
1963.25,112,38960,25.66
1878.75,108,37890,24.1
1812,107,36320,23.31
1713.5,104,35350,22.08
1636,103,34890,21.2
1568.75,102,34540,20.31
1507.25,101,34370,19.46
1456,100,34330,18.92
1440.25,99,34420,18.57
1426.75,99,33860,18.13
1385,98,31370,17.65
1283.25,97,30930,15.96
1222,96,29930,15.03
1150,95,28470,14
1102.75,93,28560,12.84
1136.5,92,29690,13.64
1136.5,92,36000,13.47
1475.25,94,40410,19.15
1527.75,98,33370,19.77
1409.5,98,31420,17.83
1284,97,30930,16.26
1211,96,29470,15.1
1141.5,94,28220,13.67
1101.5,93,28560,12.77
1100.25,92,28710,13.15
1099.5,92,28690,13.16
1096.75,91,28470,13.17
1094.75,91,28510,13.25
1098,91,28480,12.75
1099.75,91,24600,12.62
852.5,90,23750,9.71
860,89,25560,9.43
867.75,88,25850,9.65
868.25,88,23870,9.6
872,87,26210,9.79
876.25,87,23650,9.77
874.5,87,26100,9.69
874.75,87,23950,9.84
875.5,87,25510,9.69
878,87,25240,9.7
880.75,87,24260,9.84
875.5,87,26060,9.72
1001.5,87,27650,11.37
1223.5,89,33940,14.55
1312,91,33760,16.39
1351.75,94,29710,16.85
1106.5,95,24440,12.82
854.75,92,25420,9.47
946.5,90,23850,10.46
1029.25,89,27560,11.65
1053.5,90,26480,12
1077.25,90,27900,12.87
1126.5,90,30850,13.21
1174.75,91,32230,14.2
1222.25,92,33000,15.15
1253.5,93,34230,15.55
1276.25,94,32220,15.88
1288.25,95,33150,16.11
1297.5,95,32650,16.39
1298.5,96,32370,16.52
1298.5,96,32200,16.25
1298.75,96,34140,16.43
1332.75,96,36610,17.11
1416.25,98,36580,18.26
1452,99,36250,19.01
1463,100,35250,18.77
1468,100,35160,19.08
1470.75,100,35830,19.16
1475,100,35410,19.31
1495.25,101,36060,20.02
1521.75,101,35940,19.94
1536.5,102,36490,20.17
1553.25,102,37180,20.35
1582.5,103,37520,20.9
1621.5,103,38230,21.52
1646,104,38930,21.64
1667,105,38790,21.91
1680,105,37820,21.92
1705.25,106,40280,22.58
1735.5,107,39820,23.09
1768,108,41250,23.6
1799,109,41250,24.23
1823,109,41450,24.25
1837.25,110,41560,24.84
1849,110,41990,24.45
1862.25,110,41860,25.3
1873.75,111,41480,25.28
1887.75,111,42410,26.03
1913,112,43480,26.33
1932.75,112,43730,26.37
1945.5,113,43730,26.43
1953.25,113,44180,26.78
1959.5,114,43670,26.72
1963.25,114,45090,27.67
1977.75,114,44410,27.55
1979.75,115,45160,27.7
1982.5,115,44480,27.31
1985.5,115,45140,27.5
1988.25,115,45530,28.29
1995.5,116,45510,28.78
2008.25,116,47900,27.85
2020.25,118,47560,28.8
2026.25,119,49920,29.7
2032.5,121,63650,30.59
2180.5,112,49290,28.61
2153.25,112,44240,28.98
2078.75,112,45600,27.68
2069.25,113,42060,29.06
2027.5,112,46840,28.02
2068,115,49380,29.35
2095.75,118,51050,30.08
2111.5,121,51330,31.64
2125,123,52970,31.3
2136.25,125,55540,33.24
2208.25,128,58780,34
2268.5,131,60170,35.7
2261.75,132,52300,35.57
2170.75,130,51200,33.54
2165.5,126,52920,32.13
2153.25,126,53980,33.4
2181,128,58640,33.2
2247,130,59470,35.44
2287.75,133,60820,35.92
2323.5,135,60780,36.96
2341.75,137,61080,36.84
2342.75,138,61090,38
2348.5,138,63450,37.81
2537.5,122,60300,33.68
2575.75,113,58250,33.7
2558,110,56310,32.45
2439.75,118,53390,34.83
2325.5,123,52510,33.8
2270.75,124,52640,33.32
2249.25,125,52920,32.91
2220.5,126,53190,33.96
2190,127,52660,32.95
2161.5,128,52680,33.31
2159.25,128,54130,32.95
2178.5,129,58260,33.12
2270.5,131,61470,35.08
2336.75,135,62160,37.05
2367,137,62430,37.27
2382.75,140,65640,40.5
2592.25,120,55590,33.89
2494,123,55570,36.6
2366.25,127,53460,35.96
2303,128,55170,34.61
2275,130,58170,34.68
2301.75,133,62490,37.4
2502.5,123,66600,33.85
2576.75,115,58530,33.32
2579.5,111,57890,33.26
2579.75,110,57100,33.31
2579.25,108,56520,33.27
2490.5,116,53610,35.02
2378,122,55350,34.64
2329,126,56080,34.8
2301.75,129,58560,34.73
2314.25,133,60960,36.84
2363.25,135,66920,36.54
2570.5,117,58100,34.12
2580,112,58310,34.43
2580.5,110,57920,33.76
2579.25,109,57830,33.45
2582.5,108,57460,33.13
2582.75,108,57220,32.48
2583,107,56690,32.8
2501.75,114,52300,34.67
2397.5,120,54480,35.6
2352,123,55690,35.08
2320.75,128,59520,35.02
2353.75,132,51850,36.08
2231.25,132,50440,33.94
2198.25,127,49980,32.67
2168.25,124,48900,30.87
2144.75,123,48520,31.11
2129.5,122,48160,31.5
2118.25,120,47370,29.82
2111,119,46750,30.12
2106.25,118,46260,29.65
2085.5,117,44180,28.78
2049.75,115,42750,27.56
2013.25,113,41750,27.43
1984.25,111,41420,26.55
1958.25,111,40720,25.8
1926.5,110,38890,25
1878,108,38200,23.8
1825.25,106,37570,23.2
1777.25,105,36770,23.39
1735.5,105,36520,22.11
1691,104,36440,21.28
1649,103,36200,21.35
1621.5,103,36160,20.55
1595.5,102,35390,20.43
1557.5,101,35330,19.87
1527.5,101,34940,19.66
1494.5,100,34640,19.54
1470.25,100,34720,19.12
1435.25,99,33790,18.47
1404.75,99,33670,17.67
1393,98,33750,17.6
1383.5,98,33760,17.53
1343.5,98,31030,16.77
1248.25,96,30540,15.47
1169,95,28900,14.16
1105.5,93,28750,13
1102.25,92,35550,12.77
1449.25,94,37630,18.2
1460,98,30760,18.52
1244.75,97,28960,15.23
1408,96,41330,18.24
1635.5,100,41010,21.36
1767.25,106,46530,23.3
1848.75,110,39510,25.07
1832.75,109,37400,23.85
1744.5,107,34570,22.55
1620,104,33170,20.67
1497,101,33540,19.47
1395.5,100,32070,17.52
1347,98,31850,17.11
1317.5,98,31930,16.36
1299.25,97,33540,16.28
1318.75,97,33010,16.33
1338.25,97,33150,16.78
1350.5,97,33420,16.87
1358.25,97,33760,17
1362.25,97,33030,17.37
1371,98,33440,17.31
1373.75,98,34230,17.55
1371.75,98,33840,17.55
1365.75,98,34430,17.07
1321.25,97,29810,16.36
1218.25,96,28960,14.78
1129.25,95,27550,13.57
1081.5,93,27370,12.93
1079,92,29100,12.57
1077.25,92,28970,12.71
1075.75,91,26780,12.52
1078.25,91,26150,12.54
1025.75,91,26640,11.82
1005,90,25200,11.35
985.5,90,23550,11.12
893.75,89,23950,9.81
862.5,88,24470,9.63
866,88,26210,9.75
871.75,88,23390,9.47
871.25,87,26850,9.67
870.5,87,23530,9.58
872.5,87,25780,9.23
871.25,87,24160,9.62
873.5,87,25900,9.47
876,87,23750,9.71
881.25,87,26880,9.69
881.75,87,23850,9.68
878,87,24470,9.49
878,87,26050,9.82
877.5,87,23650,9.76
875.5,87,27000,9.39
876.25,87,23440,9.7
882.25,87,25200,9.41
878.75,87,25660,9.53
1340,88,39540,16.07
1575,93,37900,19.93
1615,99,38300,20.84
1661.5,101,38450,21.64
1705.5,103,40430,22.27
1758.75,106,42040,23.12
1810.75,108,42700,24.09
1851.75,109,42550,24.42
1883.5,111,43970,25.39
1914,112,44090,26.1
1938.5,113,44040,27.03
1955.25,114,44120,26.63
1962.5,114,44260,26.55
1977.5,114,44670,27.14
1983.5,115,45370,27.37
1988.25,115,45680,27.39
1997.25,115,46590,27.74
2014,116,46660,27.77
2023.5,117,46370,28.22
2030.5,117,47330,29.14
2039,118,47690,28.9
2045.75,119,48280,29.1
2051,119,48920,28.58
2057.75,120,49370,29.73
2058.25,121,49020,28.97
2056,121,49610,29.67
2064.5,122,50750,29.89
2069.75,123,51630,30.08
2086.25,124,53270,31.27
2126.25,125,53440,32.51
2141,126,53280,31.96
2149.25,127,53380,32.8
2150.25,127,53500,31.63
2151,128,54190,32.65
2165,128,54390,32.08
2173.25,129,54280,32.56
2172.25,129,55080,32.64
2215.75,130,57370,34.1
2254.25,132,58030,35.16
2276,133,58290,34.98
2290.75,134,59360,35.53
2306.75,135,59350,35.45
2308,136,59500,36.64
2308.5,136,59390,36.42
2324.25,137,62040,37.45
2363.75,138,62290,36.69
2380,139,63230,38.12
2399.25,140,63450,37.91
2407.25,141,64260,38.3
2576.5,123,53990,33.57
2534.25,125,59420,37.24
2404,132,63560,37.38
2507,131,59290,34.42
2559.25,120,59240,36.52
2440.5,129,56420,36.02
2354.25,132,59960,36.4
2356.5,135,61520,37.04
2395,138,64150,38.81
2535,128,59620,35
2563,121,62930,37.93
2532,131,64600,39.3
2508.5,137,63380,40.21
2460.5,141,61980,40.02
2417.5,142,61210,39.77
2409.75,142,64230,38.61
2537,128,58010,34.37
2564.5,121,63180,37.41
2497,131,60760,38.65
2419.75,136,61790,37.4
2419.25,140,64230,38.82
2437.5,142,66330,39.94
2607,120,57540,34.37
2543,126,64780,39.54
2527.5,136,65860,40.42
2507.25,141,63040,40.12
2445.75,142,61030,39.95
2392.25,142,59440,38.24
2329.75,140,57890,36.8
2286.75,138,56480,36.11
2261.25,137,56320,35.85
2241.5,136,55170,34.31
2205,134,53980,34.31
2183.75,133,53800,33.85
2165.5,132,53370,32.81
2155.75,131,53130,32.76
2157.5,130,53030,32.16
2156.75,130,53220,32.95
2151.5,130,53230,33.23
2143.75,130,52240,31.95
2129.25,129,51540,31.88
2118.25,129,50620,31.36
2107.25,128,50020,31.43
2113.75,126,49540,30.78
2116,125,49040,30.31
2109.5,124,48120,30.79
2115.5,122,48180,28.62
2117.75,121,47510,30.08
2113.75,121,47450,30.37
2111.25,120,47050,29.72
2109.25,120,46720,29.85
2110,119,45780,29.46
2081.25,118,42350,27.56
1801.5,110,33140,21.31
1692,105,44100,22.27
1816.5,109,45990,24.21
1919.5,113,49310,26.19
1989,118,49870,27.61
2024.5,121,50410,28.81
2041.5,123,48790,28.37
2031.75,124,47450,29.46
2049.5,122,47080,29.25
2053.5,120,45830,28.51
2041.75,120,45560,29.05
2022,119,44850,28.24
2013.75,117,42910,26.97
1989.5,115,41920,27.02
1964.25,114,42160,26.05
1955.5,112,41830,25.95
1944,112,42260,25.42
1934,111,41740,25.22
1930,111,40190,25.58
1899,110,39950,24.49
1878.75,109,38900,24.5
1845.25,108,38400,23.62
1811,107,38200,23.15
1777.5,107,36350,22.99
1728,106,35030,22.42
1656,104,34510,21.06
1574.75,103,34050,19.74
1482.25,101,33250,19.02
1424,100,33860,17.73
1399.5,99,33420,18.19
1389,99,33640,17.6
1385.25,99,33230,16.97
1348.75,98,31900,16.72
1290.25,97,30730,15.89
1201.25,96,28290,14.42
1075.75,94,26980,12.57
1068.75,93,25780,12.27
1070.25,92,25420,12.48
1050.75,91,31700,12.65
1381,93,36960,17.2
1520.75,97,38320,19.87
1648.75,103,40920,21.18
1650.5,105,34080,21.37
1562,103,32980,19.85
1436.25,101,31460,17.95
1327.75,99,29880,16.31
1167.5,97,26910,14.03
1039.75,94,25440,11.92
1028.25,92,26360,11.57
1018.25,91,25510,11.49
1018.25,90,25820,11.72
967.5,90,25930,10.9
925,89,23870,10.07
927.5,89,25360,10.21
1179,90,31220,14.09
1211,91,30420,14.55
1219.5,92,31000,15.02
1214,93,33640,14.7
1368,94,37690,17.31
1530.75,97,37400,19.72
1593.75,101,37300,20.59
1631.5,103,37810,21.09
1676.25,104,40010,22.08
1729.75,106,39700,22.39
1768.75,107,36670,22.92
1716.25,107,33840,22.13
1573,104,31970,19.92
1396.75,101,31010,17.2
1279.75,99,31030,15.9
1207,97,29170,14.47
1133.5,95,27170,13.44
1096,93,27220,12.7
1095,92,27700,12.82
1094.75,92,28220,12.77
1094.25,92,29270,12.63
1092,91,27780,12.62
1090.5,91,28480,12.56
1070.75,91,25680,12.17
1044.5,91,27070,12.03
1046,91,27670,11.82
997.5,90,25480,11.15
959.75,90,26070,10.6
1193,90,34200,13.87
1295.5,92,29100,15.27
1137.25,93,28070,13.13
985,92,25950,11.19
1081,91,30760,12.72
1147,91,32170,13.44
1355.75,93,35710,16.6
1449,95,35920,18.3
1506.25,99,28900,19.46
1313,98,29390,15.97
1113.5,96,32250,13.3
1242.5,95,34520,15.17
1371.5,96,35060,17.27
1439,97,36540,17.87
1488.75,99,35300,19.17
1495.75,100,35190,19.1
1524.5,101,37660,19.96
1579,102,37400,20.3
1618.5,103,38980,20.75
1661.75,104,39270,21.86
1697.5,105,38870,21.56
1738.5,106,41280,22.61
1789.25,108,40890,23.3
1829.75,109,42440,23.87
1859,110,42180,24.73
1890,111,42430,24.69
1915.25,112,42960,25.52
1933,112,43360,25.54
1945.5,113,43400,26.7
1951.75,113,43510,26.46
1964,113,43770,26.44
1977.5,114,44370,26.79
1991.75,114,45890,26.78
2007.5,115,45870,26.96
2018.5,116,46750,27.7
2032.75,117,46970,28.23
2046.75,118,47570,28.64
2056.5,119,48510,29.17
2070.25,120,49140,29.02
2077.75,121,50380,28.94
2096.25,123,53690,30.3
2135,125,53500,31.25
2159.5,127,56790,32.75
2250,130,59840,34.74
2324.5,134,62060,35.76
2372.5,137,63350,37.27
2436,136,66350,36.2
2578.75,119,55440,35.96
2433,126,56910,36.08
2371.5,129,59110,36.33
2377,134,63240,37.14
2550,127,54220,34.72
2550.5,123,59160,37.09
2430.25,130,60370,36.24
2389.25,134,61270,38.54
2494.25,129,57610,34.32
2571,121,62010,37.05
2474.75,130,57070,37.22
2353.5,133,55170,36.07
2273.5,133,53680,34.86
2232.75,132,52760,33.78
2213.75,130,52210,32.92
2194.25,128,51070,32.54
2179.5,127,50990,32.62
2177.25,125,50260,31.44
2161.5,124,49100,30.47
2161.75,122,48770,30.35
2173,122,53410,30.56
2220,126,62040,33.62
2513.75,121,56480,34.32
2564,121,62770,36.67
2533.5,131,65280,38.97
2530.5,138,65520,40.14
2526.75,142,65950,40.25
2525.75,145,66280,41.02
2587,123,61120,36.57
2518,131,60710,37.92
2411.5,136,56970,37.32
2317.75,137,55490,35.69
2265.25,136,54960,33.6
2227,134,54300,33.92
2200,133,53270,33.52
2173,132,52590,32.59
2156,130,51120,32.07
2160.25,128,51170,31.62
2160.5,127,49920,30.7
2141,125,48240,30.26
2133.75,122,47200,30.5
2120.25,119,43600,29.17
2012.25,115,38750,26.01
1897.25,109,37050,24.08
1801.75,106,35640,22.69
1728,104,34970,21.71
1656,103,34570,20.91
1580.5,102,34190,20.09
1515,101,33630,19.07
1459.75,100,33650,18.29
1429.25,100,33720,17.7
1413.5,99,33230,17.7
1385.25,99,32340,17.05
1313.5,98,30880,15.87
1223,97,28980,14.69
1120.5,95,29880,13.21
1416,95,40440,17.87
1564,99,34390,19.87
1503.25,99,32340,18.69
1339.75,98,29360,16.53
1137.5,96,26300,13.58
1254,95,38010,15.26
1483.75,97,38320,18.55
1590.5,100,42020,20.14
1728.5,104,44180,22.06
1829.75,108,44680,24.55
1900.75,112,46480,25.64
1960.25,115,46660,26.52
1999,117,46310,28.42
2021.5,118,47700,28.56
2038.5,119,48360,28.64
2061.5,120,48430,28.57
2059,120,46020,29.64
2044.25,119,43380,28.25
2013,116,40410,26.78
1920.75,112,37300,24.95
1838,108,35920,23.2
1763.5,106,36430,22.79
1700.75,105,34810,21.37
1651,103,35670,20.69
1597.5,102,33660,20.22
1527.5,101,33780,19.4
1464.5,100,33500,18.69
1387.5,99,33390,17.2
1342.75,98,32740,16.41
1284,97,31320,15.77
1218.5,96,28570,14.67
1126.5,95,26900,13.05
1076.5,93,26510,12.4
1076.75,92,28880,11.96
1042.5,91,24460,11.67
1019,91,25480,11.04
1021.5,90,23690,11.47
938.25,90,26660,10.36
925.75,89,23970,10.09
870.75,88,23340,9.54
863.25,88,26360,9.37
868.75,88,25950,9.22
873.75,88,23770,9.46
968.75,88,25730,10.63
1041.5,89,24990,11.6
847,89,25210,9.28
1056,89,28310,11.59
1016.25,89,24040,11.19
925.25,89,24220,10.15
978.75,89,25940,10.67
1067.5,89,28880,11.76
1077.25,90,29810,12.52
1218,91,32950,14.36
1309.25,93,33760,16
1382,95,36100,17.32
1458.25,98,36320,18.44
1494.25,100,34920,18.92
1494.5,100,34780,19.2
1504.25,101,34780,19.03
1502.75,101,35740,19.43
1540.75,102,36690,19.83
1580.25,102,37200,20.65
1607.25,103,36890,20.85
1643,104,38910,21.12
1710.25,105,41410,21.99
1806.5,108,42660,23.23
1866.5,110,43540,24.95
1920,112,43570,25.63
1954.25,113,43650,25.63
1970.25,113,43600,26.47
1983.25,114,44870,27.29
1996.75,114,46010,26.8
2024.75,115,46710,28.02
2045,116,47600,27.62
2069.75,118,48790,28.15
2089.25,119,50260,28.58
2111,121,53560,30.17
2149,124,54000,30.95
2172,126,54960,31.96
2225,128,57870,32.81
2273.75,131,59530,35.16
2324.5,134,61130,35.85
2373.25,136,62520,37.05
2413,139,63780,38.09
2485.25,138,63150,35.62
2583.75,120,59840,35.26
2537.5,128,64040,37.48
2478.75,135,57730,37.42
2376.5,136,56700,37.03
2308.75,136,54850,33.85
2260,134,54000,34.64
2226.25,133,52850,33.13
2201.5,131,52340,32.42
2183.75,130,51700,32.8
2191.25,127,51700,31.91
2198.25,126,50900,31.27
2191.5,126,50680,31.8
2176.25,125,48940,30.85
2172.5,123,48310,30.77
2165.5,121,44430,29.77
2105.5,118,40860,28.67
2004.75,113,38690,25.94
1900.75,109,37070,23.34
1827,106,36350,22.72
1766.5,105,35370,22.4
1714.25,104,35280,21.1
1663.75,103,34940,20.9
1610.25,102,34760,20.5
1562,101,34490,19.46
1516.25,101,34150,18.65
1485,100,34110,18.47
1472.25,100,34810,18.24
1471.25,100,34640,18.4
1469,100,34720,18.63
1466.25,100,34630,18.44
1464.25,100,33640,18.3
1428.25,99,32590,17.84
1362.75,98,31680,16.7
1318.5,97,31420,15.78
1286.25,97,31420,15.48
1258.5,96,31150,15.32
1221.75,95,29320,14.42
1104.75,94,27110,12.64
989.75,92,25750,10.94
995,91,23950,10.99
852.75,90,25600,9.47
862.25,89,24780,9.36
869.5,88,23490,9.31
870.25,88,25680,9.53
877,88,23440,9.5
995.5,88,26460,10.52
1049.5,89,26190,11.36
961.5,89,23650,10.51
1017.25,89,29200,10.95
1085,90,27610,12.37
1068.5,90,26700,12.07
929.25,90,26660,10.14
1007.75,89,24680,11.22
1019.75,89,26780,11.23
1155.25,90,31370,13.23
1192.75,92,30120,13.91
1019.5,92,24290,11.39
926,90,25170,10.07
1060.25,90,26950,11.94
1142,90,33590,13.13
1354.25,92,37190,16.41
1470.75,96,36220,18.54
1498.75,99,38620,19.01
1585.75,101,38090,20.06
1662.5,103,38550,21.6
1721.5,105,40000,22.32
1804.75,107,42380,23.44
1877.75,110,43180,24.4
1930,112,44010,25.81
1966.25,113,44470,25.74
1988.75,114,45170,27.08
2021.25,115,45830,26.35
2041.75,116,46590,27.85
2065.75,117,48030,27.89
2082.5,118,49020,29.05
2086,119,48490,28.76
2087.25,120,48860,29.36
2095.75,120,48800,29.12
2096.5,121,49490,29.5
2106.25,121,49790,29.9
2110.75,122,50160,30.64
2120.25,123,52550,29.88
2153.25,124,53380,31.03
2177.75,126,53610,31.43
2192.5,127,56050,32.04
2254.5,130,60550,33.95
2367.5,134,66520,37.55
2600.25,119,56820,33.62
2555.5,123,63470,36.9
2536.5,132,64780,38.11
2530.25,138,65230,38.9
2491.25,140,56240,40.06
2356,137,52800,36.24
2304.25,130,51340,33.86
2263.5,127,50360,32.77
2228.25,125,48650,32.42
2201.5,123,48000,31.04
2184,120,44550,30
2114.25,116,42180,27.9
2059.75,113,40860,26.12
2000.5,110,38640,25.35
1920,108,38030,23.94
1850.25,106,36280,22.97
1779.5,104,35420,22.23
1705.25,103,33660,21
1598.75,101,32460,19.85
1461.5,100,31640,18.1
1353.5,98,31150,16.56
1317,97,33660,16.03
1462.5,98,38420,18.42
1572.75,100,35730,19.89
1555.5,101,34200,19.62
1506.5,100,34120,18.43
1461.25,100,33620,18.27
1429.25,99,33350,18.11
1396.5,99,32100,17.17
1345.5,98,30850,16.52
1213.25,97,29360,14.15
1018.5,94,24680,11.48
1016.5,93,27880,11.6
1066.25,92,26780,12.07
1065.25,91,27860,12.1
1063,91,26310,12.07
1061.25,91,27760,11.73
959.75,90,23920,10.45
859,89,24460,9.42
1062.75,89,29960,11.87
1146,90,36200,13.12
1415.75,93,36650,17.27
1234,95,26170,14.62
852.25,93,26170,9.27
863.75,90,24400,9.27
864.5,89,23580,9.34
869.5,88,25750,9.34
872.75,88,23310,9.53
874.5,88,25680,9.61
871.25,88,23500,9.14
873.5,87,25630,9.48
878.5,87,23750,9.65
876.5,87,24560,9.32
880.25,87,25900,9.45
880.5,87,23630,9.27
879.5,87,25420,9.43
881.5,87,24480,9.56
877.5,87,24110,9.4
876,87,26050,9.5
877.5,87,23490,9.43
881,87,25240,9.48
879,87,24460,9.43
878.75,87,24160,9.49
953.75,87,26680,10.21
1006.25,88,25570,11.01
1096.75,89,27980,12.42
1113.5,90,28370,12.95
1160.25,91,30580,13.37
1244.25,92,33880,14.93
1356.75,94,37520,16.62
1468.75,97,36290,18.47
1507.25,99,36630,19.1
1512.25,100,35690,19
1527,101,36160,19.26
1562,102,38720,20.05
1667,103,40350,21.15
1753.75,106,41200,22.87
1810.75,108,41830,23.23
1855,109,41530,24.01
1899,110,42580,24.72
1933,111,43000,25.61
1950.5,111,42910,25
1959.5,111,43330,25.8
1967,111,43690,25.93
1987,112,44250,26.16
2005.5,113,44460,26.72
2021.25,114,45200,27.57
2040,115,46110,26.94
2063.25,115,47400,27.61
2074.75,117,47940,28.42
2085,117,48360,27.97
2100,119,49460,29.3
2107,120,50630,29.19
2125.75,121,53270,30.73
2163,123,53040,31.05
2183.5,125,54160,30.52
2217.25,127,56920,32.55
2277.5,130,58520,33.82
2328.25,132,60600,35.67
2363,134,61710,36.08
2404,137,63650,37.45
2449.25,139,64940,38.86
2480.5,142,65300,39.57
2492.5,143,66010,40.81
2606.75,123,54490,33.49
2546.25,127,63960,37.49
2536.25,135,65240,39.15
2529.5,139,65670,39.88
2529,142,65890,40.17
2529.5,144,63750,41.04
2431.5,142,55210,38.34
2327.75,139,54100,35.95
2299,133,54020,33.93
2281,131,53440,33.85
2263.75,130,52610,33.57
2244.5,129,51920,33.27
2224.25,128,50650,32.25
2218,126,50070,32.08
2212.75,123,48860,31.06
2202,121,47090,30.93
2146.25,120,41380,28.83
2021.25,113,38350,25.57
1894.5,108,36370,23.12
1783,105,35060,21.92
1699.5,103,34340,21.25
1619.25,102,33860,19.82
1532.5,101,33420,18.97
1461,100,32930,17.79
1413.25,99,33050,17.61
1385.25,98,31830,17.19
1322.75,98,30910,15.92
1256,97,30320,15
1200.75,95,29540,14.15
1123.5,94,27880,12.53
1047.75,93,26460,11.81
1051.25,92,25750,11.88
1050.25,91,26490,11.76
886.75,90,24560,9.57
864.75,89,23370,9.52
863.75,88,26070,9.37
873.25,88,24110,9.5
871.5,88,25820,9.32
871.5,88,24140,9.17
871,88,25780,9.4
870.5,87,24190,9.22
879.75,87,26780,9.7
874.75,87,23460,9.39
880.75,87,25660,9.62
880.75,87,24750,9.43
878.5,87,24100,9.5
880.75,87,26080,9.4
876.75,87,23500,9.41
878.25,87,25070,9.4
877,87,24800,9.67
879.25,87,23990,9.46
878.75,87,26150,9.52
877.75,88,23800,9.62
878.25,87,24690,9.67
876.75,87,24710,9.45
878.25,87,24100,9.32
1086,88,35690,12.35
1375.25,91,37500,16.36
1504.5,95,37660,18.72
1559.75,98,37200,19.5
1601.25,101,38980,20.43
1655.5,103,39330,21.01
1722.75,105,40160,21.83
1780.75,107,41200,22.82
1833.75,108,41350,23.34
1878.75,109,42110,23.82
1917,110,42290,25.11
1940.75,111,41800,25.76
1952.5,111,42050,24.93
1956.5,111,42550,25.44
1962,111,41910,26.03
1971.5,111,43820,25.12
2005,112,45580,26.8
2039.25,114,46500,26.91
2061.75,116,48010,28.85
2081,117,48000,28.7
2089.75,118,48240,28.69
2092.75,119,48550,29.36
2098.5,119,48790,28.81
2092.5,119,48490,28.91
2097.75,119,49570,29.05
2105.5,120,50260,29.67
2112.25,121,49290,29.92
2142.25,122,52440,30.3
2174,124,53460,30.35
2191.5,126,53800,30.85
2202.75,127,54830,32.24
2252.5,129,59050,33.23
2322,132,60450,35.45
2371.5,135,62050,35.88
2417.75,137,64620,37.3
2468,141,65170,38.91
2604.25,120,54590,33.1
2547.25,126,63930,37.56
2532.75,135,65280,38.58
2530.25,140,65550,38.33
2531,142,65730,40.36
2528,144,65790,41.19
2528,144,65860,40.98
2528,145,65820,40.27
2447.5,143,56420,37.73
2376.5,140,66190,36.65
2611.5,120,54860,32.8
2563.25,123,60490,35.92
2483.25,130,58070,37.35
2401.25,134,56630,35.47
2335.25,135,55710,35.72
2292,134,55300,34.15
2269.75,133,55100,33.82
2262.25,133,54900,33.77
2252.25,132,53950,33.78
2236.75,131,53030,33.76
2218.75,131,52330,32.5
2226.75,128,52280,32.03
2236.75,127,51480,32.4
2224,126,49580,32.41
2198.5,125,47890,30.82
2195.75,120,44980,29.68
2110.25,117,40130,27.97
1977,110,37470,24.43
1876.75,107,37470,23.34
1836.5,106,36310,22.52
1776.5,104,35880,22.12
1734.25,103,35210,21.65
1667.5,102,34170,20.45
1572.75,101,33190,19.59
1473.5,100,32290,18.12
1392,99,32150,17
1344.75,98,31700,16.49
1293,97,30790,15.36
1246,96,29750,14.77
1151.75,95,27980,13.44
1078.25,93,26510,12.2
1075.25,92,26780,12.25
1072,92,28330,12.23
1076.25,91,27510,11.82
1071.5,91,27150,11.65
1080.25,91,30440,12.3
1430,92,40140,17.52
1574.5,97,37900,19.56
1654.75,101,41050,21.01
1708.75,105,35110,21.81
1617.25,104,33590,20.34
1466.5,101,30920,17.89
1274.25,99,28190,15.2
1119.5,96,24990,13.1
852.25,93,23920,9.23
866,91,24020,9.23
865.75,89,25560,9.35
869.75,88,23630,9.3
871.25,88,26080,9.33
875.75,88,23680,9.39
872,88,25950,9.46
874.5,88,23490,9.26
879.25,88,25460,9.47
877.25,88,24100,9.43
875.75,87,24740,9.36
879,87,25440,9.26
924.5,87,25780,9.87
1266.75,89,36590,14.62
1429.25,93,36370,17.39
1513.25,97,39050,18.82
1640,101,40740,20.88
1730.5,104,40940,22.15
1789.75,106,40250,23.33
1839.25,108,43160,24.03
1905.25,110,44530,24.74
1954,112,44620,25.45
1988.75,113,45090,26.62
2005.5,114,45680,27.56
2035,115,46290,26.99
2062.25,116,46840,28.35
2077.5,117,48010,28.78
2086.5,118,47910,28.24
2091.5,119,48550,29
2098.75,119,48920,29.46
2101,120,49060,28.64
2110.5,121,49080,29.44
2139.5,122,52450,31.04
2168.25,123,52730,30.76
2183.75,125,52970,31.65
2192,126,54020,31.6
2215.75,128,55580,32.05
2244.25,129,56610,33.15
2275.25,131,57650,33.8
2299.5,132,52670,33.55
2230,130,49990,32.6
2218.5,125,48240,30.36
2178.75,122,45750,29.06
2115.5,117,42230,27.68
2026.25,112,38660,25.11
1903.25,107,37080,23.26
1811.5,105,35830,21.98
1729.75,103,34810,21.22
1645.75,102,33810,20.67
1535.75,100,33110,18.78
1432.5,99,32150,17.47
1349.75,98,31370,16.25
1292.75,97,30930,15.4
1259,96,30690,15.07
1186.5,95,28220,13.55
1058,94,24740,11.86
1019.75,92,24100,11.28
945.25,91,26070,10.05
812.5,90,24220,9.13
870.25,89,25600,9.37
864.75,88,24660,9.3
865.25,88,23770,9.05
869.75,88,26150,9.27
868.75,87,23710,9.32
875.25,87,26120,9.35
870.25,87,23770,9.41
876.5,87,26100,9.24
878.75,87,24290,9.17
875.25,87,25240,9.55
879.25,87,25810,9.49
876,87,24220,9.28
879,87,25900,9.16
880.75,87,23950,9.23
880.5,87,25360,9.26
1103.75,88,30480,12.04
1290,90,37690,14.96
1440.75,93,36400,17.71
1530.25,97,38110,19.14
1607.25,100,40690,20.45
1713.5,103,42200,21.72
1798.25,106,41960,22.75
1854,108,42650,23.87
1904,110,43380,24.85
1946.75,112,44340,25.65
1980.5,113,45200,26.29
2000.25,114,45280,26.19
2017,114,45340,27.26
2038.75,115,46330,27.32
2059.5,116,46590,27.7
2072.25,117,47120,28.65
2075.25,117,47390,28.05
2081.5,117,48660,28.77
2086.25,118,48550,27.54
2095.25,118,49240,28.35
2103.25,119,49710,29.39
2108.75,120,50260,28.85
2130,121,52540,30.6
2160.75,122,52920,30.05
2177.75,124,53160,30.67
2190,125,53250,31.61
2201.75,126,53560,31.87
2214,127,54270,31.98
2232.25,128,55000,32.16
2253,129,59560,31.92
2332.5,132,62160,34.95
2407,135,63870,36.85
2451,138,65110,38.07
2484.25,141,66410,40.8
2591,121,59620,34.34
2543,127,64020,36.74
2533.75,135,65090,38.23
2530.75,139,65390,39.12
2532.25,142,59130,40.84
2418,140,54780,36.2
2352.25,137,65910,35.28
2602.5,120,54130,33.45
2562.5,123,61020,35.52
2465,131,57410,36.08
2380.75,134,56130,36.15
2318.5,134,55590,34.3
2283.25,133,54380,34.21
2260,132,53150,33.6
2234.25,130,51900,33.43
2241,127,51150,32.21
2219,125,48530,31.28
2194,121,46990,30.48
2144.75,117,40750,27.71
2013.75,111,38550,24.73
1904.25,107,37040,23.64
1818.5,105,35980,22.05
1749,103,35300,21.17
1685,102,35030,20.86
1622,101,34520,19.59
1555.75,101,34020,19.16
1501,100,33910,18.41
1454.25,99,33860,17.85
1425.75,99,33750,17.22
1420.25,98,33980,17.1
1415.5,98,34120,17.47
1389,98,30050,16.72
1207.5,96,28720,14.21
1039.25,94,26210,11.53
1035.25,92,26460,11.48
1038.75,91,26850,11.64
1014,90,24100,11.07
915.75,90,25050,9.95
913.5,89,23950,9.84
1182.25,89,42500,13.46
1585.25,94,41140,19.34
1727,100,44390,22.03
1846.75,107,44700,23.52
1939.25,111,46010,24.83
2008.25,110,42230,25.5
1976,110,39530,25.06
1872,106,35490,23
1727.5,104,34270,21.37
1596,101,32900,19.52
1438.25,100,30660,17.11
1277.5,98,28780,15.11
1131.5,96,27370,13.27
961.75,93,24680,10.52
845.5,91,25380,9.16
864.5,89,23830,9.35
872,89,25870,9.19
868.5,88,25090,9.29
875.75,88,25420,9.28
874,88,24600,9.48
873.5,87,24020,9.21
877.5,87,24480,9.48
874.75,87,25020,9.32
879.25,87,23950,9.39
876.5,87,26080,9.39
879.5,87,23470,9.32
880.75,87,24450,9.49
877.5,87,25020,9.47
879.5,87,23900,9.32
878.75,87,25990,9.47
877.75,87,24380,9.36
879,87,24630,9.35
879,87,26640,9.29
879,87,23900,9.57
878.5,87,26290,9.4
879.5,87,24870,9.5
878.25,87,24540,9.22
877.75,87,26620,9.45
878.5,87,23970,9.25
876.25,87,26270,9.36
878.75,87,24110,9.48
879.25,87,24410,9.49
880.75,87,27800,9.18
1263.5,88,37480,14.07
1475,92,37590,17.78
1539.5,97,36570,19.11
1625.25,99,41230,20.56
1748.5,103,43310,22.67
1835.75,107,43820,23.92
1908.5,110,44990,24.7
1963.25,111,44890,25.17
1991,113,44700,26.37
2012.25,114,46470,26.51
2042.5,115,46900,27.33
2066.25,116,47670,27.53
2077.75,116,47780,27.9
2092.75,117,48490,28.85
2100.25,118,49680,28.8
2116.5,120,52210,28.8
2152.5,121,53250,30.43
2196.5,124,58280,31.5
2290.25,127,61030,33.06
2375.25,132,64640,35.87
2594.75,119,53720,33.97
2563.25,122,62080,35.66
2537.5,130,64690,37.73
2537.25,136,64790,38.1
2531,139,60580,40.43
2445.25,139,57340,36.86
2371,136,55730,35.26
2315,134,54610,34.21
2275.25,131,53090,34.22
2235.5,130,50960,32.92
2239.5,125,50970,31.27
2238,123,49680,31.01
2212.75,122,48680,30.12
2218.5,119,46470,29.84
2166.25,117,43430,29.25
2101.75,113,41290,26.43
2026.25,110,39820,25.01
1929.75,107,37230,23.33
1806,104,35160,22.13
1699.75,102,34330,20.21
1596.75,101,33560,19.53
1489.75,99,32640,17.97
1407.25,98,32740,17.18
1366.25,98,32780,16.48
1354.25,97,32830,16.32
1327.75,97,31880,15.89
1299.25,96,30440,15.11
1210.5,95,29110,13.95
1131.25,94,27670,12.57
1058,92,25720,11.49
1061.25,91,26310,11.86
1062.25,91,25780,11.7
1176.75,91,37810,13.54
1471.75,94,36180,17.82
1566.25,98,37280,19.51
1638.5,101,40120,20.92
1754.25,104,42140,21.82
1843.5,108,43430,23.43
1913,110,44600,24.53
1965.5,112,44500,25.14
1995,113,45230,26.18
2019,114,46750,26.96
2039.75,115,46130,27.04
2019.75,115,41310,26.01
1966,111,37340,24.56
1857.75,107,36410,23.16
1762.75,104,34430,21.31
1660.25,102,34880,20.54
1571.75,101,34610,19.33
1490,100,33390,18.27
1411.5,99,32620,17.11
1356,98,31620,16.17
1285,97,30510,15.51
1210,96,28340,14.5
1135,94,25930,12.79
1060.25,93,26210,11.85
1060.75,92,25890,11.9
984,91,24140,10.67
979.75,90,26430,10.66
918,90,24100,9.57
860.25,89,24580,9.21
1140.25,88,35470,12.17
1322,90,32620,15.55
1334.5,93,28830,15.85
1093.25,94,25440,12.29
867.25,91,24190,9.44
861.5,90,27610,9.18
1049.5,89,25600,11.53
978,89,26760,10.35
991.25,89,24960,10.74
1066,89,30570,11.79
1250.75,90,33500,14.47
1231,92,26510,14.11
996.75,92,23980,11.06
1033.5,91,25140,11.4
1060,91,27000,11.7
1168.5,91,29630,13.05
1213,91,32210,13.74
1297.25,93,35610,15.4
1388.75,94,35590,16.62
1445.5,97,35830,17.42
1455.75,98,35160,17.88
1477.25,99,36630,18
1532.75,100,37870,19.26
1609,101,39420,20.07
1686,103,40500,20.96
1766.5,105,41620,22.75
1829,107,42690,23.21
1882,109,42380,23.88
1932.25,110,43220,24.82
1963.75,111,44120,25.55
1995.25,112,45010,25.79
2016.25,113,46240,26.74
2048.25,114,47390,27.18
2079.75,116,48390,27.47
2104.75,118,49870,28.51
2136.25,120,53700,30.1
2184.75,122,57220,31.2
2292.25,127,62980,33.44
2516,124,63300,33.87
2582,119,59910,35.14
2543.75,126,64120,36.61
2481,132,57340,35.92
2394.25,133,55990,36.02
2357.5,133,62450,34.92
2465.25,132,68150,35.09
2582.5,121,60390,35.02
2519,128,58110,35.82
2421,132,56520,35.92
2359.75,133,55290,35.17
2309.25,132,54390,33.98
2282.25,131,53680,34.18
2262.25,129,53150,32.81
2249.25,128,51850,32.16
2239.5,125,49980,31.92
2222.75,123,49440,30.48
2206.25,121,45870,29.88
2166,117,41560,28.6
2006.75,110,37350,24.6
1824.5,105,34270,21.78
1672.25,102,33350,20.12
1524,100,32280,18.67
1390.75,98,31820,16.79
1325.75,97,31560,15.85
1294.5,96,31490,15.54
1273.25,96,31420,15.17
1260.25,95,30460,14.83
1182,94,29880,13.55
1016,93,25240,11.34
1022,91,25820,11.42
1020.75,90,26310,11.13
995.75,90,25750,11.07
909.5,90,26640,9.68
875.75,89,26050,9.4
866.5,88,23710,9.1
864.25,88,24320,9.03
868.75,87,25930,9.2
871.5,87,24110,9.26
874,87,25760,9.2
873.25,87,24510,9.15
877.25,87,25090,9.41
876.25,87,25360,9.27
952.5,87,31320,10.7
1274,89,33790,14.78
1340.25,92,35490,15.92
1426,95,35220,16.95
1464.25,97,37200,18.11
1587,99,40280,19.68
1702,102,41550,21.53
1789.25,106,41720,22.77
1853,108,42960,23.28
1908.75,110,43870,24.52
1950.25,111,43700,25.37
1978.25,112,46100,26.01
2017.5,113,45800,26.65
2043.5,114,46510,26.98
2066.5,115,46970,27.47
2078.25,116,47140,27.45
2084.75,117,48340,28.07
2100,117,49230,28.07
2109,118,49680,28.37
2121,119,51610,28.79
2154.25,120,53170,29.87
2182,122,54100,30.04
2218.25,125,55510,31.52
2269.75,127,59910,33.25
2365.5,131,63320,34.73
2526.5,129,59350,34.26
2577.5,121,60420,35.43
2544,127,64240,36.79
2536.75,133,64600,37.65
2533.25,138,65170,38.75
2518.75,139,56830,39.07
2408.5,137,55730,35.72
2334.5,135,54250,35.27
2303.25,131,53270,32.82
2288,128,52700,32.5
2263.75,127,51570,31.87
2248.75,125,51320,31.78
2242.5,124,50630,31.25
2234.25,123,49770,31.56
2224.5,122,48820,30.66
2223.5,120,48740,29.77
2215,119,46410,30.4
2153.75,117,41230,28.16
2026,111,40280,24.79
1999.75,109,40190,24.37
1953.5,108,37910,24.4
1873.25,105,36770,22.32
1776,103,34810,21.49
1696.5,102,34170,20.52
1604.25,101,33900,19.65
1521.75,100,33390,18.73
1442.75,99,32950,17.46
1396.75,98,33080,17.07
1379,98,33170,16.61
1373,97,33110,16.75
1358.5,97,32440,16.37
1329.25,97,31540,15.94
1297.5,96,31400,15.35
1218.75,96,28960,13.95
1025,94,25820,11.01
996.5,92,25810,10.75
1002.5,91,28270,10.95
1244.5,91,35370,14.37
1346,93,35880,15.82
1410,96,37280,16.95
1523.75,98,38400,18.84
1627.75,101,41080,20.4
1745.5,104,42300,22.04
1842.5,108,44340,23.47
1929,111,46680,25.3
1990,114,47210,26.44
2038.25,116,48240,27.49
2071.5,118,49350,27.96
2103.75,119,52120,29.35
2138.25,121,48970,29.7
2129.25,120,47970,29.15
2138.25,118,46310,29.02
2091.75,116,40280,26.85
1954,109,36770,23.72
1818.5,105,35420,21.88
1716.75,102,33420,20.57
1545.25,100,31240,18.35
1341.5,98,30100,16.06
1212.5,96,28740,14.05
1036.75,94,24320,11.35
960,92,23550,9.83
865.5,90,24630,9.39
872,89,25210,9.43
1075,89,30270,11.43
1240.25,91,25340,13.85
871.75,90,23870,9.4
867.5,89,23920,9.12
868.5,88,26030,9
870.75,88,24620,9.05
868.5,87,23850,9.23
874.25,87,25930,9.37
873.75,87,23710,9.13
879.75,87,26030,9.24
880.5,87,23710,9.39
879.5,87,26050,9.3
875.75,87,23950,9.32
881.25,87,24780,9.48
874.75,87,26150,9.22
878.25,87,24110,9.38
879,87,26340,9.3
879.75,87,24100,9.12
880.5,87,24580,9.37
875,87,26150,9.18
878.75,87,24040,9.37
877.5,87,26170,9.37
880,87,24110,9.42
880.25,87,24260,9.32
879.25,87,26640,9.37
879.25,87,23580,9.3
875.5,87,25750,9.32
878.5,87,24480,9.34
879,87,24220,9.25
878.5,87,26030,9.54
880,87,23520,9.43
880.25,87,24620,9.14
1107.75,88,32030,11.67
1162.25,89,25780,12.9
853.5,90,29820,9.14
1115,89,28170,12.3
1184,90,31670,13.37
1205.25,91,33020,13.82
1201.75,92,30950,13.57
1011,92,28740,11.06
946,90,28410,10.25
989,90,26360,10.66
1125.5,90,32420,12.32
1203,91,33660,13.65
1276.5,92,33390,14.9
1311.75,93,30600,15.33
1176.75,94,27730,13.1
1035.75,93,24570,11.28
1009,91,25810,10.73
982.75,90,24100,10.77
871.25,90,24630,9.33
1073.25,89,25460,11.95
983.25,89,26210,10.25
982.5,89,24260,10.38
982.25,89,26290,10.59
883.75,89,24440,9.37
875.75,88,25850,9.41
1016.25,88,27310,10.93
1015,89,24100,10.75
946.5,89,24160,10.06
983,89,26360,10.49
882,89,25990,9.18
970.5,88,25260,10.43
1039,88,28480,11.06
1092,89,27150,11.96
1056.25,90,26800,11.42
844.75,89,24580,9.21
866,88,26240,9.5
957.75,88,24070,10.32
1039.25,88,27460,11.04
1064,89,26310,11.19
1060.75,89,26310,11.72
1166.5,90,31420,13.09
1298.25,91,31980,15.34
1275.5,93,29630,14.95
1111,93,25120,12.58
1006.5,92,26460,10.62
1037.75,91,27490,11.56
1138.5,91,30760,13.13
1204.25,91,32520,13.72
1272.75,93,29350,14.97
1107.75,93,24730,12.43
978,91,25930,10.6
948.25,90,24970,9.9
867.25,89,24190,9.36
957.25,88,29200,10.39
1177.75,89,33320,13.33
1300,91,31980,15.24
1233.5,93,28800,14.12
1016,92,26070,11.31
1014.75,91,24990,10.8
1117.5,91,32040,12.47
1236.75,91,34000,14.65
1407,94,36280,16.79
1500.5,97,36340,18.25
1532.25,99,35860,19.06
1536.25,100,35190,18.86
1465.75,100,30660,17.76
1328.5,98,31400,16.16
1294.5,96,31740,15.41
1327,96,38450,16.1
1545.75,98,38760,19.17
1652,101,40620,20.81
1766,104,42020,22.24
1863.25,107,42810,23.65
1929.5,109,44190,24.49
1967.25,111,43920,25.7
1993.25,112,44820,24.84
2037,113,47420,26.55
2068,114,48010,26.77
2084,115,47600,27.53
2086,116,46700,27.08
2094.25,116,47140,27.51
2108.75,116,49870,27.86
2153.75,118,53780,29.49
2198.25,121,55620,31.17
2282.75,125,62320,32.62
2490.5,124,62230,34.85
2588,119,58070,34.6
2552.25,124,63080,35.83
2541,131,64660,37.87
2481,133,57310,36.72
2410.75,133,56080,35.88
2359,132,55230,34.77
2326.5,131,54500,34.21
2309.75,130,54380,33.69
2289.75,128,53610,32.18
2286.75,127,55690,31.99
2303.75,127,60300,32.87
2424.75,131,67160,34.45
2597,119,57360,34.07
2550.75,122,57400,34.64
2469,126,55320,34.67
2413,127,52780,34.18
2336.5,126,50510,32.47
2297.75,122,49950,31.09
2262,120,47720,30.9
2214.5,118,45580,28.76
2193.25,115,44770,28.44
2158.75,113,43520,27.79
2124.75,112,43030,26.62
2099.5,110,41410,25.74
2027.75,109,39160,25.15
1942.25,106,37990,23.36
1871.75,104,36910,22.25
1821.75,104,36300,21.89
1782,103,35830,21.61
1747,102,35150,21.24
1691,101,34270,20.69
1611.25,100,33880,19.72
1527,99,33540,18.42
1431.75,99,32070,17.31
1358.75,97,31640,16.35
1304.75,97,30020,15.52
1205.5,96,28250,13.66
1081,94,27070,11.67
1048.25,92,26360,11.26
1049.75,91,26290,11.28
1002.25,91,23870,10.98
966.75,90,23800,10.28
914.25,89,26050,9.7
898.75,89,26560,9.73
969,88,29410,10.17
1162,89,30810,12.74
1151.5,90,27220,12.86
1002.5,91,24460,10.83
1001.75,90,25240,10.85
1114.25,90,29140,11.91
1209.75,91,34050,14.12
1357.25,93,33350,16.19
1317.75,94,26950,15.6
925,94,24650,9.72
931.75,91,24950,10.19
1142.75,90,30790,12.69
1214.25,91,34000,13.98
1381,93,39390,16.3
1549,97,38670,18.99
1593,99,34690,19.69
1513.75,100,33130,18.3
1441.25,99,31880,17.3
1340,98,30930,16.04
1288.5,97,27730,15.27
1075.25,95,24890,11.57
1040.5,92,27580,11.47
1206.75,92,35570,14
1423.5,94,35790,17.02
1493.25,97,37830,18.63
1580.25,100,38520,19.56
1693.75,102,40120,21.18
1785.5,105,42600,22.12
1866.25,108,43410,24.02
1932.5,110,44210,25.09
1971.25,111,44010,25.66
1996,112,44770,26.01
2026,112,45680,26.89
2052,113,46360,26.91
2079.25,114,48700,26.65
2118.5,117,53670,29.32
2182,121,58220,30.36
2318.5,126,62670,34.4
2524.25,123,55630,33.9
2575,119,59780,34.96
2489,125,56740,34.84
2410,128,54880,34.61
2357.75,129,56050,34.03
2361.75,129,60420,34.17
2429.25,132,63800,35.6
2538.25,132,54850,34.69
2567.5,123,58470,35.37
2470.5,128,57070,35.68
2403.25,130,55150,34.57
2330.75,129,52220,33.66
2276.75,126,51780,31.7
2261.5,123,51170,30.97
2234.5,122,49430,30.4
2221.25,120,49400,30.4
2229,119,49370,30.12
2225,119,49430,30.29
2222,118,48410,29.95
2215.25,118,48000,29.67
2171.5,116,42210,28.74
2063.75,111,38280,25.26
1911.25,106,36250,23.53
1762,103,33650,21.39
1629.25,101,32700,19.78
1495.25,99,32100,18.27
1387,98,31620,17.27
1321.25,97,31180,15.8
1292.5,96,31070,15.41
1255.5,96,28710,14.85
1107.5,95,26970,12.7
1035.75,93,25420,11.28
1017.25,92,25660,11.37
949,91,26210,10.2
930.75,90,23770,9.78
864.5,89,24400,9.4
865,88,26320,9.4
871.5,88,23950,9.35
868.75,88,25420,9.53
873.5,87,24380,9.56
870.75,87,25760,9.32
875.5,87,24320,9.44
878.25,87,25990,9.61
873.5,87,23650,9.3
878.5,87,26090,9.37
876,87,24110,9.35
880.5,87,24540,9.25
880,87,26090,9.55
880.25,87,23520,9.56
879.25,87,24600,9.31
1182.5,88,34270,13.12
1327.75,90,35130,15.8
1461.75,94,37620,18.32
1554.25,97,38340,19.68
1612.75,100,37450,20.05
1646.5,102,35850,20.89
1585,102,31980,19.85
1414.5,99,30540,16.94
1262.75,97,30690,15.22
1300.25,96,35610,15.81
1454.5,97,38520,18.56
1569.75,99,37230,19.65
1629.25,101,40210,20.64
1715.25,103,40370,22.04
1775.75,105,41340,22.54
1849.75,106,43750,23.74
1889,108,37960,24.07
1823.25,107,35190,22.87
1721.5,104,33390,20.85
1564,101,31430,19.6
1353.5,99,28900,16.06
1176.25,97,27370,13.43
1097.5,94,34050,12.85
1295,94,36890,15.65
1462,95,36810,18.1
1552.75,98,37870,19.36
1623,100,39140,20.5
1702,103,39890,21.37
1770.75,105,41280,22.34
1823.75,106,41330,23.32
1876.25,108,42300,23.91
1928.5,109,44340,24.7
1975.5,111,44020,25.09
2006.75,112,45500,26.1
2031.5,112,45140,26.98
2048.25,113,45920,26.69
2063,114,45950,27.09
2079.75,114,47370,27.83
2091,115,47240,27.84
2099.75,116,48580,28.27
2109.75,117,48300,28.77
2149.25,119,53340,30.12
2193,121,54350,31.09
2226,124,55510,32.12
2268.75,126,57150,33.27
2309,129,58930,33.73
2349,131,62870,35.89
2420.5,134,65940,37.15
2603.75,121,55440,33.26
2558.25,124,63160,36.07
2539.25,132,58660,37.24
2425.25,133,55880,36.52
2350.5,132,55430,34.75
2347.5,131,65940,34.36
2607.25,118,55120,33.21
2551,122,57200,35.59
2457.5,125,54860,35.14
2389.75,126,52470,33.1
2310.25,124,49750,32.56
2258.75,119,46480,30.51
2177.5,116,41810,27.88
2044.5,109,38260,24.87
1872,105,35420,22.9
1745.25,102,34350,21.29
1636.25,101,33540,20.17
1521,99,31640,18.28
1362.25,98,30330,16.4
1239,96,28530,14.75
1106,95,28050,12.64
1050.75,93,26290,11.55
1023.75,92,27190,11.11
1143.25,91,39880,12.86
1471.5,93,37990,18.1
1554.25,97,37740,19.22
1618.75,100,39340,20.17
1718.25,102,40830,21.77
1808.75,106,42230,22.71
1879,108,43330,23.79
1935.5,110,43240,24.37
1948.25,110,39180,24.73
1878.75,108,37810,23.58
1808,105,34840,22.22
1673.25,103,32720,20.2
1456.5,100,29830,17.39
1225,97,27000,14.23
1027.5,95,26780,11.46
987.75,92,25730,10.6
849,90,24440,9.27
865.75,89,23750,9.38
866.5,88,26620,9.29
872,88,23950,9.09
870.25,88,26800,9.37
872.25,88,23900,9.26
872.25,87,26420,9.21
1104.5,88,29810,11.68
1157.25,89,34970,13.08
1329.25,91,34590,15.88
1153.75,93,26460,13.33
853.75,91,23310,9.15
863.5,90,26170,9.33
1028.75,89,25700,11.02
1128.75,89,29930,12.9
1137.75,90,28960,12.47
955,90,26510,10.41
931,89,27590,10.17
995.75,89,25930,10.6
893.25,89,24690,9.67
1027,89,27290,11.02
1063,89,27980,11.47
996.75,90,26760,10.92
962.5,89,24510,10.41
1077.75,89,27890,11.77
1147.5,90,30320,12.7
1248,91,36050,14.47
1404.75,93,38030,17.3
1514.25,97,32320,18.98
1403.25,97,32070,17
1289.25,97,30080,15.3
1137.75,96,26950,13.34
1161,94,32150,13.56
1254.75,93,34880,14.89
1314.75,94,34970,15.83
1366,95,35420,16.55
1442.5,97,35790,18.13
1489.75,98,37130,18.76
1521.5,100,36930,19.28
1573.75,101,38840,20.09
1662.25,102,41100,21.37
1763.75,105,40970,22.19
1824.5,107,42640,23.35
1875.25,108,43540,23.76
1924,110,43630,24.65
1961.25,111,45370,24.79
1996,112,45680,26.63
2041.25,114,48000,26.7
2071.25,115,48770,27.42
2092.5,116,51730,28.46
2147.75,119,53440,29.95
2193.5,122,56050,31.16
2283,125,61860,33.42
2392.75,130,64320,35.47
2516.25,130,56090,35.75
2571.5,120,61080,35.82
2501,126,57650,36.29
2403.75,129,55200,35.36
2326.75,129,52950,34.39
2296.5,125,51050,32.6
2249.25,121,48580,31.34
2199.75,118,45680,28.94
2141,113,39940,27.44
1911.75,106,39060,22.74
1917.5,106,43210,24.06
1996,108,45580,25.99
2064,111,48880,27.34
2123.25,114,51260,28.22
2177.5,118,53650,30.47
2259.5,122,64890,32.92
2577.25,119,54390,35.07
2569.75,119,61520,35.65
2542.25,128,61620,36.76
2449.5,131,56420,36.02
2395.5,132,64360,35.58
2580,124,53860,34.26
2555.5,122,57440,34.56
2444.75,125,53830,34.28
2363.5,125,51480,32.82
2295.75,121,47670,31.2
2221.25,117,42630,29.02
2108.5,112,39740,26.51
1902.25,106,34250,22.79
1669.75,102,32410,20.35
1475.25,99,32830,17.81
1298.5,97,30760,15.69
1242.75,96,29750,14.67
1196,95,28050,13.92
1121.75,94,27750,13.16
1080.25,93,28130,11.87
1080.5,92,28400,12.21
1080.25,91,26510,11.97
1072,91,25510,11.81
1003.75,91,23850,11.05
951,90,24930,10.28
900.75,89,25990,10
898,89,25820,9.54
902.75,88,23770,9.71
863.25,88,26420,9.34
868.75,88,24240,9.38
869.75,88,25420,9.27
870,87,24690,9.36
873,87,25020,9.47
872.25,87,24570,9.34
873.5,87,25060,9.45
878.75,87,24510,9.41
879.25,87,26730,9.5
878.75,87,23680,9.57
